title,date,type ,genre,
Elite: Season 3: Ander,6/29/21,tv,drama,
Elite: Season 3: Lu,6/29/21,tv,drama,
Elite: Season 3: Polo,6/29/21,tv,drama,
Elite: Season 3: Carla,6/29/21,tv,drama,
Elite: Season 2: 0 hours missing,6/29/21,tv,drama,
Elite: Season 2: 63 hours missing,6/29/21,tv,drama,
Elite: Season 2: 59 hours missing,6/29/21,tv,drama,
Elite: Season 2: 36 hours missing,6/29/21,tv,drama,
Elite: Season 2: 34 hours missing,6/29/21,tv,drama,
Elite: Season 1: Assilah,6/29/21,tv,drama,
Elite: Season 2: 20 hours missing,6/28/21,tv,drama,
Elite: Season 1: Welcome,6/28/21,tv,drama,
Sex/Life: Season 1: This Must Be the Place,6/28/21,tv,drama,
Sex/Life: Season 1: Somewhere Only We Know,6/28/21,tv,drama,
Sex/Life: Season 1: The Sound of the Suburbs,6/28/21,tv,drama,
Sex/Life: Season 1: New New York,6/28/21,tv,drama,
Sex/Life: Season 1: Down in the Tube Station at Midnight,6/28/21,tv,drama,
Sex/Life: Season 1: The Wives Are in Connecticut,6/28/21,tv,drama,
Too Hot to Handle: Season 2: Resist Everything‚Ä¶ Except Temptation,6/27/21,tv,reality tv,
Too Hot to Handle: Season 2: On Est dans la Merde,6/27/21,tv,reality tv,
Too Hot to Handle: Season 2: You Gotta Watch Out for Pete,6/27/21,tv,reality tv,
Too Hot to Handle: Season 2: C**kblocked by a Cone,6/26/21,tv,reality tv,
"Too Hot to Handle: Season 1: Love, Sex or Money",6/26/21,tv,reality tv,
StartUp: Season 2: Opportunity Cost,6/20/21,tv,drama,
StartUp: Season 2: Growth Hacking,6/20/21,tv,drama,
StartUp: Season 2: Liabilities,6/20/21,tv,drama,
StartUp: Season 2: Pivot,6/20/21,tv,drama,
StartUp: Season 2: Loss,6/19/21,tv,drama,
StartUp: Season 2: Early Adopters,6/19/21,tv,drama,
StartUp: Season 2: Bleeding Edge,6/19/21,tv,drama,
StartUp: Season 2: Disruption,6/19/21,tv,drama,
StartUp: Season 1: Recapitalization,6/19/21,tv,drama,
StartUp: Season 1: Hostile Takeover,6/19/21,tv,drama,
StartUp: Season 1: Pro Rata,6/19/21,tv,drama,
StartUp: Season 1: Valuation,6/19/21,tv,drama,
Shutter Island,6/18/21,movie,drama,
Headspace: Unwind Your Mind,6/18/21,movie,documentary,
Workin' Moms: Season 5: FACK,6/18/21,tv,comedy,
Workin' Moms: Season 5: Blue Angel,6/18/21,tv,comedy,
Workin' Moms: Season 5: Punch Dad,6/17/21,tv,comedy,
Workin' Moms: Season 5: Launch Pad to Trash Hole,6/17/21,tv,comedy,
Workin' Moms: Season 5: Finger in the Butt,6/17/21,tv,comedy,
Spotlight,6/16/21,movie,drama,
Workin' Moms: Season 5: Mother Knows Breast,6/16/21,tv,comedy,
"Workin' Moms: Season 5: A Rat, Girl",6/16/21,tv,comedy,
Workin' Moms: Season 5: Pleasure Yourself,6/16/21,tv,comedy,
Workin' Moms: Season 5: Mamma Mia Meatboy,6/16/21,tv,comedy,
Workin' Moms: Season 5: The Carlsons Move to Calgary,6/16/21,tv,comedy,
Hoarders: Season 11: Cindy,6/14/21,tv,documentary,
Kim's Convenience: Season 1: Janet's Photos,6/13/21,tv,comedy,
Kim's Convenience: Season 1: Gay Discount,6/13/21,tv,comedy,
Awake,6/11/21,movie,drama,
What Women Want,6/10/21,movie,romance,
"Demon Slayer: Kimetsu no Yaiba: Tanjiro Kamado, Unwavering Resolve Arc: Tsuzumi Mansion",6/5/21,tv,anime,
"Demon Slayer: Kimetsu no Yaiba: Tanjiro Kamado, Unwavering Resolve Arc: Together Forever",6/4/21,tv,anime,
"Demon Slayer: Kimetsu no Yaiba: Tanjiro Kamado, Unwavering Resolve Arc: Temari Demon and Arrow Demon",6/4/21,tv,anime,
"Demon Slayer: Kimetsu no Yaiba: Tanjiro Kamado, Unwavering Resolve Arc: The Smell of Enchanting Blood",6/4/21,tv,anime,
"Demon Slayer: Kimetsu no Yaiba: Tanjiro Kamado, Unwavering Resolve Arc: Muzan Kibutsuji",6/4/21,tv,anime,
Dirty John: Betty Broderick: The Turtle and the Alligator,6/1/21,tv,drama,
Dirty John: Betty Broderick: No Fault,6/1/21,tv,drama,
"Demon Slayer: Kimetsu no Yaiba: Tanjiro Kamado, Unwavering Resolve Arc: Swordsman Accompanying a Demon",6/1/21,tv,anime,
"Demon Slayer: Kimetsu no Yaiba: Tanjiro Kamado, Unwavering Resolve Arc: My Own Steel",5/31/21,tv,anime,
"Demon Slayer: Kimetsu no Yaiba: Tanjiro Kamado, Unwavering Resolve Arc: Final Selection",5/31/21,tv,anime,
"Demon Slayer: Kimetsu no Yaiba: Tanjiro Kamado, Unwavering Resolve Arc: Sabito and Makomo",5/31/21,tv,anime,
"Demon Slayer: Kimetsu no Yaiba: Tanjiro Kamado, Unwavering Resolve Arc: Trainer Sakonji Urokodaki",5/31/21,tv,anime,
Sense8: Season 2: What Family Actually Means,5/31/21,tv,drama,
"Demon Slayer: Kimetsu no Yaiba: Tanjiro Kamado, Unwavering Resolve Arc: Cruelty",5/31/21,tv,anime,
Sense8: Season 2: All I Want Right Now Is One More Bullet,5/31/21,tv,drama,
"As Above, So Below",5/30/21,movie,horror,
The Legend of Korra: Book Four: Balance: The Last Stand,5/30/21,tv,anime,
The Legend of Korra: Book Four: Balance: Day of the Colossus,5/30/21,tv,anime,
The Legend of Korra: Book Four: Balance: Kuvira's Gambit,5/30/21,tv,anime,
The Legend of Korra: Book Four: Balance: Operation: Beifong,5/30/21,tv,anime,
The Legend of Korra: Book Four: Balance: Beyond the Wilds,5/30/21,tv,anime,
The Legend of Korra: Book Four: Balance: Remembrances,5/30/21,tv,anime,
Hoarders: Season 11: Flora,5/30/21,tv,documentary,
The Legend of Korra: Book Four: Balance: Reunion,5/29/21,tv,anime,
The Legend of Korra: Book Four: Balance: The Battle of Zaofu,5/29/21,tv,anime,
The Departed,5/29/21,movie,drama,
The Legend of Korra: Book Four: Balance: Enemy at the Gates,5/28/21,tv,anime,
The Legend of Korra: Book Four: Balance: The Calling,5/28/21,tv,anime,
The Legend of Korra: Book Four: Balance: The Coronation,5/28/21,tv,anime,
The Legend of Korra: Book Four: Balance: Korra Alone,5/28/21,tv,anime,
The Legend of Korra: Book Four: Balance: After All These Years,5/27/21,tv,anime,
The Legend of Korra: Book Three: Change: Venom of the Red Lotus,5/27/21,tv,anime,
The Legend of Korra: Book Three: Change: Enter the Void,5/27/21,tv,anime,
The Legend of Korra: Book Three: Change: The Ultimatum,5/27/21,tv,anime,
The Legend of Korra: Book Three: Change: Long Live the Queen,5/27/21,tv,anime,
The Legend of Korra: Book Three: Change: The Stakeout,5/27/21,tv,anime,
The Legend of Korra: Book Three: Change: The Terror Within,5/27/21,tv,anime,
The Legend of Korra: Book Three: Change: Original Airbenders,5/26/21,tv,anime,
The Legend of Korra: Book Three: Change: Old Wounds,5/26/21,tv,anime,
The Legend of Korra: Book Three: Change: The Metal Clan,5/26/21,tv,anime,
Sense8: Season 2: I Have No Room In My Heart For Hate,5/26/21,tv,drama,
"Sense8: Season 2: Isolated Above, Connected Below",5/26/21,tv,drama,
Sense8: Season 2: Fear Never Fixed Anything,5/25/21,tv,drama,
The Legend of Korra: Book Three: Change: In Harm's Way,5/25/21,tv,anime,
Sense8: Season 2: Polyphony,5/25/21,tv,drama,
Sense8: Season 2: Obligate Mutualisms,5/25/21,tv,drama,
Sense8: Season 2: Who Am I?,5/25/21,tv,drama,
Sense8: Season 2: Happy F*cking New Year.,5/25/21,tv,drama,
Queer Eye: Season 5: DJ's on Repeat,5/24/21,tv,reality tv,
Queer Eye: Season 5: The Anxious Activist,5/24/21,tv,reality tv,
Queer Eye: Season 5: The North Philadelphia Story,5/24/21,tv,reality tv,
Sense8: Season 1: I Can‚Äôt Leave Her,5/24/21,tv,drama,
Queer Eye: Season 5: Father of the Bride,5/24/21,tv,reality tv,
"Who Killed Sara?: Season 1: Love, Sara",5/24/21,tv,drama,
Queer Eye: Season 5: Groomer Has It,5/24/21,tv,reality tv,
Who Killed Sara?: Season 1: Bad People,5/24/21,tv,drama,
Who Killed Sara?: Season 1: It Wasn't a Mistake,5/24/21,tv,drama,
Sense8: Season 1: Just Turn the Wheel and the Future Changes,5/24/21,tv,drama,
Sense8: Season 1: What Is Human?,5/24/21,tv,drama,
Sense8: Season 1: Death Doesn‚Äôt Let You Say Goodbye,5/24/21,tv,drama,
Hoarders: Season 11: Dennis,5/24/21,tv,documentary,
Sense8: Season 1: We Will All Be Judged by the Courage of Our Hearts,5/24/21,tv,drama,
Sense8: Season 1: W. W. N. Double D?,5/24/21,tv,drama,
Sense8: Season 1: Demons,5/24/21,tv,drama,
Sense8: Season 1: Art Is Like Religion,5/24/21,tv,drama,
The Legend of Korra: Book Three: Change: The Earth Queen,5/24/21,tv,anime,
Sense8: Season 1: What‚Äôs Going On?,5/24/21,tv,drama,
The Legend of Korra: Book Three: Change: Rebirth,5/24/21,tv,anime,
The Legend of Korra: Book Three: Change: A Breath of Fresh Air,5/24/21,tv,anime,
The Legend of Korra: Book Two: Spirits: Light in the Dark,5/24/21,tv,anime,
The Legend of Korra: Book Two: Spirits: Darkness Falls,5/23/21,tv,anime,
The Legend of Korra: Book Two: Spirits: Harmonic Convergence,5/23/21,tv,anime,
The Legend of Korra: Book Two: Spirits: Night of a Thousand Stars,5/23/21,tv,anime,
The Legend of Korra: Book Two: Spirits: A New Spiritual Age,5/23/21,tv,anime,
The Legend of Korra: Book Two: Spirits: The Guide,5/23/21,tv,anime,
The Legend of Korra: Book Two: Spirits: Beginnings: Part 2,5/23/21,tv,anime,
The Legend of Korra: Book Two: Spirits: Beginnings: Part 1,5/23/21,tv,anime,
Master of None: Season 1: Nashville,5/23/21,tv,comedy,
Master of None: Season 1: The Other Man,5/23/21,tv,comedy,
Master of None: Season 1: Indians on TV,5/23/21,tv,comedy,
Master of None: Season 1: Hot Ticket,5/23/21,tv,comedy,
Master of None: Season 1: Parents,5/23/21,tv,comedy,
Master of None: Season 1: Plan B,5/23/21,tv,comedy,
Haunted: Season 3: Sins of My Father,5/23/21,tv,horror,
The Legend of Korra: Book Two: Spirits: The Sting,5/22/21,tv,anime,
The Legend of Korra: Book Two: Spirits: Peacekeepers,5/22/21,tv,anime,
Hoarders: Season 11: Becky,5/22/21,tv,documentary,
Hoarders: Season 11: Althia,5/21/21,tv,documentary,
The Legend of Korra: Book Two: Spirits: Civil Wars: Part 2,5/20/21,tv,anime,
The Legend of Korra: Book Two: Spirits: Civil Wars: Part 1,5/20/21,tv,anime,
The Legend of Korra: Book Two: Spirits: The Southern Lights,5/20/21,tv,anime,
Hoarders: Season 11: Sherry,5/19/21,tv,documentary,
Hoarders: Season 11: Carol,5/19/21,tv,documentary,
Sense8: Season 1: Smart Money Is on the Skinny Bitch,5/19/21,tv,drama,
Sense8: Season 1: I Am Also a We,5/19/21,tv,drama,
The Legend of Korra: Book Two: Spirits: Rebel Spirit,5/19/21,tv,anime,
The Legend of Korra: Book One: Air: Endgame,5/19/21,tv,anime,
Sense8: Season 1: Limbic Resonance,5/18/21,tv,drama,
The Legend of Korra: Book One: Air: Skeletons in the Closet,5/18/21,tv,anime,
The Legend of Korra: Book One: Air: Turning the Tides,5/18/21,tv,anime,
The Legend of Korra: Book One: Air: Out of the Past,5/18/21,tv,anime,
The Legend of Korra: Book One: Air: When Extremes Meet,5/18/21,tv,anime,
The Legend of Korra: Book One: Air: The Aftermath,5/18/21,tv,anime,
The Legend of Korra: Book One: Air: And the Winner Is‚Ä¶,5/18/21,tv,anime,
The Legend of Korra: Book One: Air: The Spirit of Competition,5/18/21,tv,anime,
The Legend of Korra: Book One: Air: The Voice in the Night,5/18/21,tv,anime,
The Legend of Korra: Book One: Air: The Revelation,5/18/21,tv,anime,
The Legend of Korra: Book One: Air: A Leaf in the Wind,5/18/21,tv,anime,
The Legend of Korra: Book One: Air: Welcome to Republic City,5/18/21,tv,anime,
StartUp: Season 1: Bootstrapped,5/17/21,tv,drama,
StartUp: Season 1: Buyout,5/17/21,tv,drama,
The Whole Truth,5/17/21,movie,drama,
Avatar: The Last Airbender: Book 3: Sozin's Comet,5/17/21,tv,anime,
Avatar: The Last Airbender: Book 3: The Ember Island Players,5/17/21,tv,anime,
Avatar: The Last Airbender: Book 3: The Southern Raiders,5/17/21,tv,anime,
Avatar: The Last Airbender: Book 3: The Boiling Rock,5/17/21,tv,anime,
Avatar: The Last Airbender: Book 3: The Firebending Masters,5/17/21,tv,anime,
Avatar: The Last Airbender: Book 3: The Western Air Temple,5/17/21,tv,anime,
Avatar: The Last Airbender: Book 3: Day of the Black Sun,5/17/21,tv,anime,
Avatar: The Last Airbender: Book 3: Nightmares and Daydreams,5/17/21,tv,anime,
Avatar: The Last Airbender: Book 3: The Puppetmaster,5/16/21,tv,anime,
Avatar: The Last Airbender: Book 3: The Runaway,5/16/21,tv,anime,
Avatar: The Last Airbender: Book 3: The Avatar and the Firelord,5/16/21,tv,anime,
Avatar: The Last Airbender: Book 3: The Beach,5/16/21,tv,anime,
Avatar: The Last Airbender: Book 3: Sokka's Master,5/16/21,tv,anime,
Avatar: The Last Airbender: Book 3: The Painted Lady,5/16/21,tv,anime,
Rain Man,5/16/21,movie,drama,
Avatar: The Last Airbender: Book 3: The Headband,5/16/21,tv,anime,
Avatar: The Last Airbender: Book 3: The Awakening,5/16/21,tv,anime,
Avatar: The Last Airbender: Book 2: The Guru / The Crossroads of Destiny,5/16/21,tv,anime,
Avatar: The Last Airbender: Book 2: The Earth King,5/16/21,tv,anime,
StartUp: Season 1: Angel Investor,5/15/21,tv,drama,
StartUp: Season 1: Proof of Concept,5/15/21,tv,drama,
StartUp: Season 1: Ground Floor,5/15/21,tv,drama,
StartUp: Season 1: Seed Money,5/15/21,tv,drama,
Haunted: Season 3: In the Pines,5/15/21,tv,horror,
Snowden,5/14/21,movie,drama,
Avatar: The Last Airbender: Book 2: Lake Laogai,5/14/21,tv,anime,
"Billy on the Street: Season 3: It's Not Pitbull, It's Amy Poehler, with Amy Poehler",5/13/21,tv,comedy,
"Billy on the Street: Season 3: When the Easter Bunny Attacks!, with Joel McHale",5/13/21,tv,comedy,
"Billy on the Street: Season 3: Would You Have Sex with Paul Rudd?, with Paul Rudd and Amy Poehler",5/13/21,tv,comedy,
"Billy on the Street: Season 3: She Clucks or She Sucks?, with Seth Meyers",5/13/21,tv,comedy,
The OA: Part II: Chapter 8: Overview,5/13/21,tv,drama,
The OA: Part II: Chapter 7: Nina Azarova,5/12/21,tv,drama,
The OA: Part II: Chapter 6: Mirror Mirror,5/12/21,tv,drama,
The OA: Part II: Chapter 5: The Medium & the Engineer,5/12/21,tv,drama,
The OA: Part II: Chapter 4: SYZYGY,5/12/21,tv,drama,
The OA: Part II: Chapter 3: Magic Mirror,5/12/21,tv,drama,
The OA: Part II: Chapter 2: Treasure Island,5/12/21,tv,drama,
The OA: Part II: Chapter 1: Angel of Death,5/12/21,tv,drama,
The OA: Part I: Chapter 8: Invisible Self,5/12/21,tv,drama,
The OA: Part I: Chapter 7: Empire of Light,5/11/21,tv,drama,
The OA: Part I: Chapter 6: Forking Paths,5/11/21,tv,drama,
The OA: Part I: Chapter 5: Paradise,5/11/21,tv,drama,
The OA: Part I: Chapter 4: Away,5/11/21,tv,drama,
The OA: Part I: Chapter 3: Champion,5/11/21,tv,drama,
The OA: Part I: Chapter 2: New Colossus,5/11/21,tv,drama,
The OA: Part I: Chapter 1: Homecoming,5/11/21,tv,drama,
Cheer: Season 1: God Blessed Texas,5/9/21,tv,reality tv,
MINDHUNTER: Season 1: Episode 1,5/9/21,tv,drama,
Avatar: The Last Airbender: Book 2: Appa's Lost Days,5/9/21,tv,anime,
Anne with an E: Season 1: Your Will Shall Decide Your Destiny,5/9/21,tv,drama,
Avatar: The Last Airbender: Book 2: Tales of Ba Sing Se,5/9/21,tv,anime,
Avatar: The Last Airbender: Book 2: City of Walls and Secrets,5/9/21,tv,anime,
Avatar: The Last Airbender: Book 2: The Secret of the Fire Nation,5/9/21,tv,anime,
Avatar: The Last Airbender: Book 2: The Desert,5/9/21,tv,anime,
Avatar: The Last Airbender: Book 2: Return to Omashu,5/9/21,tv,anime,
The Sons of Sam: A Descent into Darkness: Limited Series: Hello from the Gutters,5/8/21,tv,documentary,
Avatar: The Last Airbender: Book 2: The Library,5/8/21,tv,anime,
Avatar: The Last Airbender: Book 2: Bitter Work,5/8/21,tv,anime,
Avatar: The Last Airbender: Book 2: The Chase,5/8/21,tv,anime,
Avatar: The Last Airbender: Book 2: Zuko Alone,5/7/21,tv,anime,
Avatar: The Last Airbender: Book 2: The Blind Bandit,5/7/21,tv,anime,
Avatar: The Last Airbender: Book 2: Avatar Day,5/7/21,tv,anime,
Avatar: The Last Airbender: Book 2: The Swamp,5/7/21,tv,anime,
Avatar: The Last Airbender: Book 2: The Cave of Two Lovers,5/7/21,tv,anime,
Avatar: The Last Airbender: Book 2: The Avatar State,5/7/21,tv,anime,
Selena: The Series: Part 2: When All the World is Sleeping,5/7/21,tv,drama,
Selena: The Series: Part 2: Astrodome,5/7/21,tv,drama,
Selena: The Series: Part 2: Si una vez,5/7/21,tv,drama,
Selena: The Series: Part 2: Lo m√°s bello,5/7/21,tv,drama,
The Circle: Season 2: And the Winner Is...,5/6/21,tv,reality tv,
Selena: The Series: Part 2: Oh No,5/6/21,tv,drama,
Selena: The Series: Part 2: Itty Bitty Bubbles,5/6/21,tv,drama,
Avatar: The Last Airbender: Book 1: The Siege of the North: Part 2,5/5/21,tv,anime,
Avatar: The Last Airbender: Book 1: The Siege of the North: Part 1,5/5/21,tv,anime,
Avatar: The Last Airbender: Book 1: The Waterbending Master,5/5/21,tv,anime,
Avatar: The Last Airbender: Book 1: The Northern Air Temple,5/5/21,tv,anime,
Avatar: The Last Airbender: Book 1: The Deserter,5/5/21,tv,anime,
Selena: The Series: Part 2: The Call,5/4/21,tv,drama,
Selena: The Series: Part 2: Enter My World,5/4/21,tv,drama,
Selena: The Series: Part 2: Como la Flor,5/4/21,tv,drama,
"Are You The One: Season 2: One Switch, One Glitch",5/3/21,tv,reality tv,
Are You The One: Season 2: Dumped,5/3/21,tv,reality tv,
Are You The One: Season 2: Hot Salsa,5/3/21,tv,reality tv,
Are You The One: Season 2: Parental Guidance,5/3/21,tv,reality tv,
Are You The One: Season 2: Virgin Tears,5/3/21,tv,reality tv,
Avatar: The Last Airbender: Book 1: Bato of the Water Tribe,5/2/21,tv,anime,
Avatar: The Last Airbender: Book 1: The Fortune-Teller,5/2/21,tv,anime,
Avatar: The Last Airbender: Book 1: The Blue Spirit,5/2/21,tv,anime,
Avatar: The Last Airbender: Book 1: The Storm,5/2/21,tv,anime,
Avatar: The Last Airbender: Book 1: The Great Divide,5/1/21,tv,anime,
Avatar: The Last Airbender: Book 1: Jet,5/1/21,tv,anime,
The Circle: Season 2: The Last Blocking,5/1/21,tv,reality tv,
Avatar: The Last Airbender: Book 1: The Waterbending Scroll,5/1/21,tv,anime,
Avatar: The Last Airbender: Book 1: Winter Solstice: Part 2: Avatar Roku,5/1/21,tv,anime,
Avatar: The Last Airbender: Book 1: Winter Solstice: Part 1: The Spirit World,5/1/21,tv,anime,
The Circle: Season 2: The Master Plan,4/30/21,tv,reality tv,
Avatar: The Last Airbender: Book 1: Imprisoned,4/30/21,tv,anime,
Avatar: The Last Airbender: Book 1: The King of Omashu,4/30/21,tv,anime,
Avatar: The Last Airbender: Book 1: The Warriors of Kyoshi,4/30/21,tv,anime,
Avatar: The Last Airbender: Book 1: The Southern Air Temple,4/30/21,tv,anime,
Avatar: The Last Airbender: Book 1: The Avatar Returns,4/30/21,tv,anime,
Avatar: The Last Airbender: Book 1: The Boy in the Iceberg,4/30/21,tv,anime,
"Billy on the Street: Season 3: Billy Destroys a Car, with Neil Patrck Harris and Lindsay Lohan",4/30/21,tv,comedy,
The Circle: Season 2: Campaigning to Win,4/28/21,tv,reality tv,
The Circle: Season 2: A New Twist,4/28/21,tv,reality tv,
Saving Private Ryan,4/28/21,movie,drama,
The Serpent: Limited Series: Episode 8,4/27/21,tv,documentary,
The Serpent: Limited Series: Episode 7,4/27/21,tv,documentary,
The Serpent: Limited Series: Episode 6,4/27/21,tv,documentary,
The Serpent: Limited Series: Episode 5,4/27/21,tv,documentary,
The Serpent: Limited Series: Episode 4,4/26/21,tv,documentary,
The Serpent: Limited Series: Episode 3,4/26/21,tv,documentary,
The Serpent: Limited Series: Episode 2,4/26/21,tv,documentary,
The Serpent: Limited Series: Episode 1,4/26/21,tv,documentary,
"Billy on the Street: Season 3: Cash Cow, with Lena Dunham vs. Elena",4/25/21,tv,comedy,
"Billy on the Street: Season 3: Olivia Wilde Is Pretty  and You're All Disgusting!, with Olivia Wilde",4/24/21,tv,comedy,
"The Circle: Season 1: Hello, Circle",4/23/21,tv,reality tv,
The Circle: Season 2: Damage Control,4/23/21,tv,reality tv,
The Circle: Season 2: Friend Zoned....,4/23/21,tv,reality tv,
The Circle: Season 2: A Love Triangle,4/23/21,tv,reality tv,
The Circle: Season 2: Snake in the Grass,4/22/21,tv,reality tv,
The Circle: Season 2: Lines Are Drawn,4/22/21,tv,reality tv,
"The Circle: Season 2: Bye, Bye, Bye!",4/22/21,tv,reality tv,
The Circle: Season 2: Alliances Are Formed,4/22/21,tv,reality tv,
The Circle: Season 2: Back and More Savage Than Ever,4/22/21,tv,reality tv,
Billy on the Street: Season 4: Elena Vs. Her Sister,4/18/21,tv,comedy,
Billy on the Street: Season 4: Sex On The Street with Sarah Jessica Parker,4/18/21,tv,comedy,
Billy on the Street: Season 4: Christmas on the Street with Will Ferrell!,4/17/21,tv,comedy,
Billy on the Street: Season 4: The Julianne Moore Acting Attack!,4/17/21,tv,comedy,
Billy on the Street: Season 4: Billy's Thanksgiving Parade,4/16/21,tv,comedy,
Billy on the Street: Season 4: Shondaland! With Bill Hader and Amy Sedaris,4/16/21,tv,comedy,
Billy on the Street: Season 4: Billy Plays Is Beyonc√© Scared of That? with Jason Sudeikis!,4/12/21,tv,comedy,
Louis C.K.: Hilarious,4/12/21,movie,comedy,
Billy on the Street: Season 4: Anna Kendrick's Tinder in Real Life Lightning Round!,4/11/21,tv,comedy,
"Billy on the Street: Season 4: For a Dollar, It's Chris Pratt!",4/11/21,tv,comedy,
Billy on the Street: Season 4: Billy Helps Tina Fey Find a Friend,4/11/21,tv,comedy,
Billy on the Street: Season 5: The NY Bubble with Stephen Colbert!,4/11/21,tv,comedy,
Billy on the Street: Season 5: Super Sloppy Semi-Automatic Double Dare! With Keegan-Michael Key,4/11/21,tv,comedy,
Billy on the Street: Season 5: Curbside Conga Line with James Corden,4/9/21,tv,comedy,
Billy on the Street: Season 5: Do Gay People Care About John Oliver? With John Oliver!,4/9/21,tv,comedy,
Billy on the Street: Season 5: Billy's Holiday Wonderland with Jacob Tremblay!,4/9/21,tv,comedy,
Billy on the Street: Season 5: Aziz on the Street!,4/6/21,tv,comedy,
Billy on the Street: Season 5: Miracle on 34th Streep with Andy Samberg!,4/6/21,tv,comedy,
Billy on the Street: Season 5: Lupita Nyong'o: Bring the Pain,4/6/21,tv,comedy,
"Billy on the Street: Season 5: Death Rogen, with Special Guest Seth Rogen!",4/6/21,tv,comedy,
Billy on the Street: Season 5: Immigrant or Real American? With Jon Hamm!,4/6/21,tv,comedy,
The Irregulars: Season 1: Chapter Five: Students of the Unhallowed Arts,4/4/21,tv,drama,
The Irregulars: Season 1: Chapter Four: Both the Needle and the Knife,4/4/21,tv,drama,
The Irregulars: Season 1: Chapter Three: Ipsissimus,4/4/21,tv,drama,
The Irregulars: Season 1: Chapter Two: The Ghosts of 221B,4/3/21,tv,drama,
The Irregulars: Season 1: Chapter One: An Unkindness in London,4/3/21,tv,drama,
Bad Trip,3/30/21,movie,comedy,
I Am Legend,3/29/21,movie,horror,
American Horror Story: Apocalypse: Apocalypse Then,3/25/21,tv,horror,
American Horror Story: Apocalypse: Fire and Reign,3/25/21,tv,horror,
American Horror Story: Apocalypse: Sojourn,3/24/21,tv,horror,
American Horror Story: Apocalypse: Traitor,3/24/21,tv,horror,
American Horror Story: Apocalypse: Return To Murder House,3/24/21,tv,horror,
American Horror Story: Apocalypse: Boy Wonder,3/24/21,tv,horror,
American Horror Story: Apocalypse: Could It Be...Satan?,3/23/21,tv,horror,
American Horror Story: Apocalypse: Forbidden Fruit,3/23/21,tv,horror,
American Horror Story: Apocalypse: The Morning After,3/23/21,tv,horror,
American Horror Story: Apocalypse: The End,3/23/21,tv,horror,
American Horror Story: 1984: Camp Redwood,3/23/21,tv,horror,
The Trials of Gabriel Fernandez: Limited Series: Evil in This Courtroom,3/23/21,tv,documentary,
The Trials of Gabriel Fernandez: Limited Series: A Shock to the System,3/22/21,tv,documentary,
Operation Varsity Blues:The College Admissions Scandal,3/22/21,movie,documentary,
Deadly Illusions,3/22/21,movie,drama,
The One: Season 1: Episode 8,3/22/21,tv,drama,
The One: Season 1: Episode 7,3/22/21,tv,drama,
The One: Season 1: Episode 6,3/22/21,tv,drama,
The One: Season 1: Episode 5,3/22/21,tv,drama,
The One: Season 1: Episode 4,3/22/21,tv,drama,
The One: Season 1: Episode 3,3/22/21,tv,drama,
The One: Season 1: Episode 2,3/21/21,tv,drama,
Audrey,3/21/21,movie,documentary,
The One: Season 1: Episode 1,3/21/21,tv,drama,
The Last Blockbuster,3/18/21,movie,documentary,
Murder Among the Mormons: Limited Series: Episode 1,3/18/21,movie,documentary,
YES DAY,3/17/21,movie,comedy,
Marriage or Mortgage: Season 1: Out of the Friendzone,3/17/21,tv,reality tv,
Marriage or Mortgage: Season 1: A Little Bit Classy and Trashy,3/16/21,tv,reality tv,
Marriage or Mortgage: Season 1: Nurses in Love,3/16/21,tv,reality tv,
Marriage or Mortgage: Season 1: Before Deployment,3/15/21,tv,reality tv,
Marriage or Mortgage: Season 1: A Second Chance,3/15/21,tv,reality tv,
Marriage or Mortgage: Season 1: Mother Knows Best,3/15/21,tv,reality tv,
Marriage or Mortgage: Season 1: Adopting New Traditions,3/15/21,tv,reality tv,
Marriage or Mortgage: Season 1: New to Nashville,3/15/21,tv,reality tv,
Ginny & Georgia: Season 1: The Worst Betrayal Since Jordyn and Kylie,3/14/21,tv,drama,
Ginny & Georgia: Season 1: Feelings Are Hard,3/14/21,tv,drama,
"Ginny & Georgia: Season 1: Check One, Check Other",3/13/21,tv,drama,
"Ginny & Georgia: Season 1: Happy Sweet Sixteen, Jerk",3/12/21,tv,drama,
Ginny & Georgia: Season 1: I‚Äôm Triggered,3/12/21,tv,drama,
"Ginny & Georgia: Season 1: Boo, Bitch",3/12/21,tv,drama,
Ginny & Georgia: Season 1: Lydia Bennet Is Hundo a Feminist,3/12/21,tv,drama,
Ginny & Georgia: Season 1: Next Level Rich People Sh*t,3/12/21,tv,drama,
Ginny & Georgia: Season 1: It's a Face Not a Mask,3/12/21,tv,drama,
Ginny & Georgia: Season 1: Pilot,3/11/21,tv,drama,
Crime Scene: The Vanishing at the Cecil Hotel: Limited Series: The Hard Truth,3/6/21,tv,documentary,
Crime Scene: The Vanishing at the Cecil Hotel: Limited Series: Down the Rabbit Hole,3/6/21,tv,documentary,
Crime Scene: The Vanishing at the Cecil Hotel: Limited Series: Secrets of the Cecil,3/6/21,tv,documentary,
Crime Scene: The Vanishing at the Cecil Hotel: Limited Series: Lost in Los Angeles,3/6/21,tv,documentary,
Two Sentence Horror Stories: Season 2: Bag Man,3/6/21,tv,horror,
Schitt's Creek: Season 6: Smoke Signals,3/3/21,tv,comedy,
The Gift,2/28/21,movie,horror,
iCarly: Season 1: iNevel,2/27/21,tv,comedy,
The Invisible Guest,2/26/21,tv,horror,
Good Girls: Season 3: Synergy,2/24/21,tv,comedy,
Good Girls: Season 3: Opportunity,2/24/21,tv,comedy,
Good Girls: Season 3: Incentive,2/24/21,tv,comedy,
Good Girls: Season 3: Nana,2/24/21,tv,comedy,
"Good Girls: Season 3: Vegas, Baby",2/24/21,tv,comedy,
Good Girls: Season 3: Frere Jacques,2/24/21,tv,comedy,
Good Girls: Season 3: Au Jus,2/24/21,tv,comedy,
Good Girls: Season 3: The Eye in Survivor,2/23/21,tv,comedy,
Good Girls: Season 3: Egg Roll,2/23/21,tv,comedy,
Good Girls: Season 3: Not Just Cards,2/23/21,tv,comedy,
Good Girls: Season 3: Find Your Beach,2/23/21,tv,comedy,
Marriage Story,2/22/21,movie,drama,
Hush,2/13/21,movie,horror,
Firefly Lane: Season 1: Hello Yellow Brick Road,2/12/21,tv,comedy,
The Help,2/7/21,movie,drama,
,,,,
,,,,
,,,,
,,,,
,,,,
,,,,
,,,,
,,,,
,,,,
,,,,
,,,,